TopicID,TopicWord,TopicStem,TopicCount
0,community,,4785
0,social,,2143
0,local,,1792
0,practice,,1561
0,city,,1518
0,urban,,1238
0,explore,,1048
0,design,,1039
0,cultural,,982
0,public,,899
0,people,,899
0,policy,,787
0,place,,768
0,network,,713
0,space,,708
0,focus,,685
0,experience,,648
0,creative,,644
0,organisation,,640
0,impact,,626
1,health,,1559
1,intervention,,1064
1,evidence,,753
1,decision,,642
1,behaviour,,588
1,trial,,585
1,measure,,501
1,policy,,427
1,service,,423
1,improve,,416
1,evaluation,,391
1,risk,,389
1,public,,387
1,review,,374
1,assess,,359
1,impact,,351
1,alcohol,,340
1,care,,335
1,practice,,335
1,outcome,,332
2,policy,,2688
2,political,,1349
2,public,,1164
2,law,,1070
2,government,,1041
2,state,,944
2,international,,809
2,legal,,804
2,rights,,775
2,social,,766
2,issue,,653
2,examine,,597
2,role,,564
2,analysis,,563
2,party,,556
2,practice,,554
2,national,,550
2,governance,,534
2,debate,,490
2,case,,486
3,species,,2218
3,population,,977
3,habitat,,709
3,fish,,600
3,community,,594
3,marine,,592
3,ecosystem,,582
3,conservation,,513
3,ecological,,488
3,biodiversity,,471
3,pollinator,,400
3,impact,,398
3,bee,,375
3,food,,361
3,animal,,344
3,distribution,,326
3,diversity,,325
3,range,,311
3,effect,,308
3,site,,295
4,personal,,3027
4,detail,,3007
4,sensitive,,2989
4,submission,,2817
4,gtr,,2704
4,studentship,,254
4,dtg,,238
4,building,,132
4,capacity,,131
4,scheme,,130
4,dtg-funding,,102
4,master,,99
4,industrial,,88
4,case,,83
4,full,,71
4,year,,67
4,mtg,,62
4,train,,60
4,molecular,,55
4,msc,,48
5,universe,,821
5,dark,,543
5,energy,,380
5,matter,,360
5,gravitational,,353
5,cosmic,,281
5,wave,,272
5,data,,244
5,cosmology,,215
5,galaxy,,189
5,detector,,186
5,early,,175
5,ska,,169
5,structure,,160
5,hole,,156
5,cosmological,,152
5,radiation,,151
5,observation,,148
5,cmb,,147
5,black,,145
6,cell,,5045
6,stem,,1874
6,tissue,,1659
6,bone,,1312
6,human,,599
6,repair,,446
6,culture,,427
6,therapy,,391
6,patient,,391
6,type,,373
6,disease,,354
6,body,,308
6,wound,,291
6,cartilage,,277
6,grow,,266
6,collagen,,259
6,clinical,,250
6,scaffold,,242
6,transplantation,,240
6,implant,,240
7,protein,,7288
7,structure,,2297
7,molecule,,1466
7,enzyme,,1169
7,biological,,1063
7,function,,1057
7,complex,,1015
7,molecular,,838
7,structural,,782
7,cell,,737
7,understand,,632
7,biology,,606
7,form,,531
7,bind,,525
7,acid,,449
7,binding,,445
7,peptide,,436
7,disease,,403
7,assembly,,391
7,organism,,387
8,public,,2854
8,summary,,1910
8,await,,1670
8,request,,447
8,receive,,431
8,description,,421
8,historic,,118
8,retrofit,,94
8,house,,88
8,technology,,73
8,carbon,,68
8,housing,,59
8,road,,49
8,home,,49
8,artemi,,38
8,feasibility,,38
8,street,,37
8,energy,,36
8,innovative,,35
8,advanced,,34
9,gene,,3591
9,genetic,,2427
9,genome,,2109
9,sequence,,1834
9,species,,1195
9,genomic,,962
9,sequencing,,834
9,variation,,809
9,population,,736
9,dna,,678
9,trait,,663
9,analysis,,634
9,marker,,538
9,region,,513
9,genetics,,472
9,molecular,,426
9,difference,,404
9,technology,,393
9,map,,369
9,selection,,337
10,muscle,,1111
10,oxygen,,781
10,stress,,561
10,mitochondrial,,341
10,damage,,304
10,function,,296
10,mitochondrium,,272
10,energy,,256
10,oxidative,,220
10,human,,216
10,autophagy,,214
10,growth,,206
10,cell,,202
10,ageing,,186
10,mechanism,,177
10,role,,172
10,placenta,,166
10,body,,164
10,baby,,164
10,cellular,,159
11,site,,927
11,landscape,,692
11,archaeological,,571
11,evidence,,341
11,heritage,,327
11,period,,320
11,ancient,,319
11,date,,310
11,age,,306
11,roman,,298
11,archaeology,,290
11,human,,262
11,region,,254
11,early,,249
11,material,,237
11,stone,,227
11,europe,,225
11,past,,218
11,place,,208
11,local,,201
12,food,,2192
12,production,,1171
12,product,,1120
12,produce,,809
12,chemical,,465
12,plant,,458
12,sugar,,423
12,enzyme,,404
12,industry,,394
12,oil,,388
12,reduce,,345
12,starch,,334
12,wall,,329
12,processing,,322
12,waste,,307
12,biomass,,304
12,biofuel,,304
12,technology,,298
12,material,,290
12,industrial,,277
13,virus,,3711
13,disease,,2397
13,infection,,1652
13,vaccine,,1512
13,hiv,,1340
13,host,,938
13,viral,,784
13,human,,768
13,malaria,,764
13,parasite,,656
13,immune,,557
13,control,,532
13,influenza,,527
13,infect,,511
13,transmission,,499
13,infected,,477
13,spread,,471
13,infectious,,451
13,strain,,415
13,tse,,329
14,sensor,,1277
14,vehicle,,928
14,monitoring,,796
14,control,,701
14,robot,,487
14,technology,,482
14,safety,,475
14,environment,,475
14,road,,418
14,cost,,368
14,monitor,,365
14,sense,,357
14,autonomous,,335
14,aircraft,,329
14,human,,320
14,data,,307
14,capability,,293
14,operation,,290
14,condition,,285
14,robotic,,280
15,people,,1987
15,health,,1596
15,care,,1496
15,older,,945
15,service,,858
15,life,,668
15,patient,,466
15,design,,425
15,social,,420
15,home,,416
15,user,,409
15,disability,,391
15,mental,,386
15,experience,,338
15,dementia,,324
15,medical,,324
15,healthcare,,319
15,hospital,,314
15,improve,,308
15,illness,,279
16,earthquake,,1128
16,fault,,715
16,eruption,,705
16,volcanic,,659
16,volcano,,531
16,hazard,,453
16,magma,,417
16,tsunami,,398
16,ash,,320
16,landslide,,299
16,measure,,214
16,year,,212
16,large,,205
16,seismic,,203
16,surface,,173
16,plate,,164
16,gas,,159
16,lava,,158
16,stress,,158
16,region,,154
17,africa,,915
17,water,,908
17,rural,,660
17,poverty,,641
17,country,,520
17,local,,484
17,ecosystem,,466
17,land,,442
17,service,,411
17,people,,384
17,african,,379
17,impact,,353
17,groundwater,,347
17,agricultural,,342
17,community,,315
17,forest,,304
17,crop,,297
17,south,,289
17,benefit,,261
17,farmer,,255
18,data,,4171
18,analysis,,3064
18,complex,,2228
18,understanding,,2191
18,modelling,,1928
18,behaviour,,1900
18,effect,,1748
18,understand,,1684
18,experimental,,1468
18,address,,1362
18,test,,1358
18,measure,,1309
18,predict,,1256
18,tool,,1238
18,mathematical,,1219
18,question,,1218
18,base,,1197
18,dynamics,,1118
18,experiment,,1117
18,pattern,,1055
19,dna,,3489
19,gene,,2773
19,cell,,1861
19,chromosome,,1324
19,genetic,,865
19,human,,758
19,protein,,703
19,genome,,600
19,damage,,560
19,mutation,,539
19,understand,,531
19,repair,,516
19,disease,,497
19,replication,,491
19,cancer,,459
19,copy,,437
19,mechanism,,429
19,epigenetic,,398
19,organism,,374
19,call,,355
20,material,,3712
20,property,,2174
20,surface,,2151
20,structure,,1948
20,crystal,,1514
20,liquid,,1286
20,particle,,1012
20,polymer,,996
20,molecule,,869
20,phase,,848
20,nanoparticle,,835
20,control,,831
20,molecular,,738
20,size,,727
20,form,,675
20,solid,,641
20,chemical,,471
20,shape,,445
20,interface,,425
20,range,,419
21,program,,891
21,software,,745
21,logic,,667
21,language,,625
21,computer,,548
21,programming,,421
21,proof,,407
21,verification,,383
21,reasoning,,374
21,type,,368
21,ontology,,338
21,code,,325
21,formal,,322
21,design,,297
21,theory,,284
21,property,,284
21,tool,,275
21,algorithm,,245
21,specification,,244
21,material,,211
22,simulation,,2087
22,computer,,1454
22,modelling,,1177
22,computational,,1057
22,code,,685
22,software,,617
22,numerical,,528
22,scale,,492
22,tool,,491
22,computing,,439
22,algorithm,,426
22,dynamics,,405
22,science,,373
22,large,,348
22,complex,,347
22,parallel,,344
22,performance,,329
22,equation,,312
22,element,,308
22,mathematical,,307
23,gene,,3112
23,plant,,2738
23,expression,,1250
23,control,,1100
23,pathway,,966
23,growth,,964
23,protein,,821
23,regulate,,678
23,mechanism,,640
23,cell,,606
23,factor,,560
23,arabidopsis,,542
23,regulatory,,515
23,regulation,,506
23,molecular,,486
23,understand,,471
23,role,,450
23,organism,,424
23,function,,422
23,transcription,,406
24,history,,1740
24,century,,1446
24,period,,1293
24,early,,971
24,political,,890
24,british,,780
24,modern,,720
24,historical,,647
24,war,,576
24,book,,567
24,britain,,490
24,church,,476
24,historian,,470
24,culture,,469
24,england,,425
24,french,,407
24,society,,390
24,world,,378
24,english,,363
24,national,,342
25,measurement,,1030
25,frequency,,1023
25,wave,,994
25,signal,,576
25,surface,,452
25,measure,,447
25,array,,425
25,sensor,,417
25,field,,388
25,ultrasonic,,372
25,acoustic,,358
25,electromagnetic,,336
25,radar,,296
25,imaging,,294
25,ultrasound,,277
25,range,,276
25,detect,,253
25,device,,249
25,detection,,238
25,microwave,,232
26,bacterium,,3359
26,bacterial,,1527
26,infection,,1415
26,antibiotic,,1157
26,pathogen,,948
26,host,,815
26,human,,560
26,resistance,,525
26,disease,,483
26,strain,,452
26,salmonella,,445
26,cell,,445
26,coli,,415
26,tuberculosis,,347
26,biofilm,,318
26,mechanism,,274
26,resistant,,255
26,kill,,253
26,understand,,251
26,gut,,247
27,quantum,,1476
27,atom,,1467
27,electron,,1354
27,state,,980
27,molecule,,975
27,energy,,789
27,atomic,,569
27,temperature,,537
27,matter,,488
27,dynamics,,485
27,physics,,465
27,ion,,452
27,molecular,,451
27,effect,,446
27,experiment,,437
27,transition,,434
27,field,,411
27,gas,,369
27,trap,,363
27,light,,363
28,science,,3951
28,technology,,2904
28,engineering,,1987
28,industry,,1586
28,lead,,1459
28,scientific,,1434
28,team,,1141
28,facility,,1112
28,international,,1085
28,scientist,,1073
28,academic,,1049
28,industrial,,1008
28,range,,977
28,world,,934
28,focus,,930
28,field,,924
28,year,,882
28,platform,,868
28,benefit,,851
28,address,,845
29,music,,1839
29,musical,,719
29,performance,,517
29,composer,,302
29,musician,,272
29,instrument,,233
29,song,,222
29,performer,,197
29,recording,,149
29,score,,143
29,composition,,138
29,opera,,134
29,sound,,131
29,tradition,,112
29,practice,,104
29,concert,,102
29,material,,102
29,popular,,101
29,style,,98
29,repertoire,,96
30,cell,,4855
30,protein,,2930
30,membrane,,2304
30,transport,,791
30,function,,590
30,lipid,,467
30,molecule,,444
30,call,,440
30,surface,,403
30,understand,,393
30,role,,371
30,cellular,,366
30,motor,,364
30,inside,,361
30,complex,,342
30,vesicle,,332
30,control,,325
30,component,,318
30,transporter,,317
30,organelle,,317
31,call,,1959
31,understand,,1702
31,year,,1519
31,small,,1479
31,world,,1272
31,produce,,1220
31,give,,1186
31,part,,1076
31,form,,1024
31,move,,988
31,place,,948
31,computer,,914
31,scientist,,901
31,happen,,897
31,amount,,847
31,good,,827
31,type,,824
31,question,,806
31,idea,,762
31,long,,755
32,grid,,1009
32,transport,,633
32,china,,466
32,chinese,,376
32,travel,,332
32,user,,327
32,data,,326
32,infrastructure,,322
32,computing,,321
32,middleware,,244
32,gridpp,,239
32,ship,,192
32,job,,186
32,e-science,,183
32,lhc,,182
32,physics,,181
32,particle,,153
32,logistics,,144
32,airport,,143
32,computer,,139
33,quantum,,2529
33,theory,,2447
33,physics,,785
33,string,,733
33,particle,,450
33,field,,375
33,gravity,,367
33,theoretical,,321
33,describe,,311
33,mechanic,,307
33,force,,296
33,state,,295
33,hole,,287
33,classical,,282
33,gauge,,279
33,black,,269
33,physical,,256
33,property,,255
33,entanglement,,208
33,computer,,195
34,magnetic,,2872
34,field,,1520
34,material,,1385
34,spin,,1184
34,electron,,841
34,property,,662
34,temperature,,499
34,nmr,,493
34,structure,,473
34,device,,432
34,effect,,415
34,state,,404
34,domain,,349
34,superconductor,,345
34,spintronic,,341
34,magnet,,309
34,electronic,,302
34,electric,,299
34,metal,,281
34,superconductivity,,276
35,carbon,,2913
35,soil,,2812
35,plant,,1144
35,nutrient,,905
35,forest,,878
35,ecosystem,,868
35,lake,,702
35,global,,663
35,water,,600
35,tropical,,574
35,climate,,557
35,increase,,522
35,nitrogen,,520
35,vegetation,,496
35,rate,,483
35,cycling,,477
35,organic,,466
35,cycle,,463
35,land,,439
35,dioxide,,433
36,health,,2555
36,disease,,1400
36,risk,,1272
36,age,,926
36,factor,,885
36,life,,783
36,child,,733
36,ageing,,729
36,increase,,692
36,people,,637
36,individual,,573
36,population,,564
36,physical,,538
36,early,,520
36,effect,,516
36,diet,,511
36,obesity,,498
36,diabetes,,496
36,adult,,476
36,year,,470
37,art,,2328
37,museum,,1501
37,history,,1131
37,public,,899
37,exhibition,,895
37,collection,,891
37,archive,,829
37,material,,819
37,artist,,792
37,heritage,,674
37,media,,654
37,object,,650
37,audience,,560
37,digital,,511
37,cultural,,504
37,visual,,478
37,image,,425
37,display,,389
37,culture,,377
37,gallery,,362
38,gene,,327
38,vector,,285
38,virus,,254
38,cell,,246
38,fruit,,241
38,effect,,163
38,flavonoid,,130
38,human,,128
38,health,,119
38,adenovirus,,118
38,vegetable,,113
38,therapy,,107
38,disease,,107
38,delivery,,104
38,mdv,,102
38,tomato,,101
38,dietary,,98
38,ibv,,92
38,compound,,90
38,anthocyanin,,89
39,religious,,787
39,question,,605
39,philosophy,,604
39,theory,,575
39,religion,,487
39,belief,,461
39,concept,,437
39,philosophical,,410
39,idea,,402
39,moral,,399
39,human,,393
39,nature,,389
39,account,,363
39,claim,,351
39,view,,326
39,argue,,312
39,form,,296
39,philosopher,,295
39,debate,,286
39,understanding,,271
40,flow,,3494
40,fluid,,1063
40,wave,,1010
40,turbulence,,688
40,numerical,,520
40,surface,,484
40,turbulent,,467
40,dynamics,,457
40,effect,,419
40,motion,,373
40,bubble,,363
40,boundary,,359
40,simulation,,338
40,velocity,,330
40,scale,,320
40,control,,303
40,structure,,301
40,experimental,,300
40,experiment,,300
40,instability,,285
41,technology,,2201
41,user,,2090
41,digital,,1729
41,service,,1543
41,design,,868
41,mobile,,844
41,content,,836
41,platform,,773
41,create,,758
41,media,,721
41,online,,709
41,software,,680
41,web,,651
41,tool,,646
41,business,,635
41,internet,,568
41,product,,524
41,data,,506
41,device,,501
41,base,,496
42,cell,,4426
42,immune,,2595
42,disease,,1142
42,infection,,1137
42,antibody,,591
42,protein,,590
42,function,,590
42,inflammation,,585
42,molecule,,520
42,inflammatory,,518
42,role,,502
42,mouse,,475
42,mechanism,,472
42,understand,,455
42,body,,437
42,call,,420
42,receptor,,415
42,macrophage,,413
42,blood,,409
42,control,,398
43,particle,,2197
43,physics,,1203
43,neutrino,,883
43,experiment,,874
43,lhc,,589
43,detector,,566
43,energy,,466
43,standard,,443
43,matter,,421
43,collider,,418
43,decay,,380
43,mass,,343
43,atla,,332
43,beam,,330
43,measurement,,328
43,universe,,324
43,accelerator,,317
43,quark,,312
43,proton,,302
43,higg,,298
44,patient,,4086
44,treatment,,3925
44,cancer,,3001
44,drug,,1577
44,disease,,1490
44,clinical,,1204
44,trial,,1083
44,therapy,,1027
44,tumour,,789
44,test,,745
44,treat,,735
44,effect,,650
44,people,,640
44,year,,634
44,improve,,614
44,effective,,542
44,breast,,465
44,lead,,419
44,death,,418
44,risk,,414
45,animal,,1717
45,disease,,1071
45,infection,,634
45,chicken,,612
45,parasite,,601
45,cattle,,498
45,control,,491
45,human,,431
45,vaccine,,382
45,nematode,,381
45,poultry,,379
45,worm,,370
45,welfare,,342
45,pig,,338
45,bird,,336
45,resistance,,322
45,campylobacter,,322
45,farm,,312
45,host,,266
45,livestock,,265
46,fat,,583
46,food,,551
46,fungus,,469
46,insulin,,429
46,diabetes,,415
46,iron,,366
46,obesity,,321
46,glucose,,320
46,acid,,317
46,increase,,316
46,fungal,,279
46,control,,275
46,effect,,264
46,human,,261
46,energy,,260
46,type,,255
46,intake,,254
46,body,,244
46,release,,230
46,gut,,224
47,solar,,1496
47,mission,,1140
47,earth,,918
47,space,,825
47,instrument,,796
47,mar,,745
47,planet,,686
47,sun,,642
47,life,,482
47,atmosphere,,466
47,magnetic,,452
47,plasma,,416
47,field,,393
47,spacecraft,,346
47,wind,,340
47,planetary,,339
47,surface,,317
47,data,,317
47,esa,,284
47,orbit,,275
48,network,,2811
48,workshop,,2650
48,academic,,1846
48,international,,1750
48,conference,,1479
48,series,,1066
48,meeting,,1048
48,community,,1029
48,public,,964
48,seminar,,953
48,issue,,811
48,journal,,792
48,field,,763
48,discussion,,759
48,publication,,739
48,member,,722
48,participant,,686
48,hold,,678
48,papers,,666
48,science,,665
49,nuclear,,1968
49,nucleus,,1190
49,neutron,,519
49,radioactive,,379
49,waste,,340
49,proton,,328
49,reactor,,293
49,isotope,,289
49,reaction,,276
49,element,,276
49,facility,,269
49,structure,,255
49,fission,,244
49,beam,,215
49,energy,,207
49,experiment,,194
49,produce,,189
49,shape,,180
49,form,,175
49,nucleon,,174
50,cell,,1791
50,receptor,,1706
50,protein,,1621
50,channel,,994
50,signalling,,817
50,drug,,717
50,function,,608
50,molecule,,527
50,pathway,,510
50,enzyme,,506
50,ion,,496
50,signal,,495
50,mechanism,,490
50,regulate,,404
50,calcium,,384
50,chemical,,380
50,role,,376
50,control,,369
50,kinase,,358
50,molecular,,334
51,plant,,2940
51,crop,,2143
51,wheat,,1712
51,resistance,,1448
51,yield,,823
51,variety,,777
51,disease,,677
51,grain,,664
51,increase,,640
51,gene,,638
51,control,,597
51,barley,,591
51,rice,,543
51,pathogen,,533
51,seed,,533
51,breed,,474
51,pest,,449
51,genetic,,377
51,food,,367
51,insect,,355
52,text,,1380
52,edition,,842
52,manuscript,,648
52,book,,639
52,write,,569
52,medieval,,545
52,literary,,524
52,english,,502
52,poetry,,490
52,publish,,404
52,scholar,,399
52,translation,,384
52,literature,,382
52,volume,,337
52,early,,334
52,poet,,323
52,reader,,322
52,complete,,298
52,century,,288
52,letter,,285
53,image,,1893
53,visual,,986
53,eye,,815
53,colour,,661
53,object,,650
53,video,,645
53,vision,,611
53,light,,531
53,human,,519
53,sport,,463
53,camera,,441
53,motion,,430
53,computer,,381
53,scene,,372
53,movement,,366
53,surface,,319
53,display,,300
53,retinal,,277
53,real,,269
53,shape,,262
54,sound,,1309
54,speech,,638
54,noise,,543
54,acoustic,,450
54,hearing,,367
54,auditory,,349
54,ear,,304
54,source,,254
54,voice,,228
54,audio,,216
54,hear,,189
54,signal,,184
54,environment,,161
54,infant,,131
54,listen,,130
54,aid,,122
54,hair,,121
54,speaker,,119
54,perception,,109
54,noisy,,102
55,earth,,1490
55,rock,,1171
55,mantle,,936
55,crust,,834
55,mineral,,561
55,form,,545
55,plate,,498
55,geological,,484
55,zone,,480
55,deep,,476
55,core,,466
55,seismic,,458
55,surface,,420
55,composition,,389
55,ocean,,387
55,fluid,,383
55,water,,379
55,ridge,,348
55,reservoir,,336
55,sample,,334
56,structure,,1159
56,material,,1065
56,structural,,657
56,stress,,605
56,load,,574
56,design,,569
56,damage,,541
56,mechanical,,520
56,crack,,432
56,behaviour,,420
56,performance,,380
56,test,,368
56,engineering,,345
56,failure,,331
56,vibration,,327
56,property,,315
56,modelling,,312
56,condition,,310
56,deformation,,306
56,concrete,,300
57,ocean,,2504
57,climate,,2316
57,record,,1345
57,year,,1021
57,past,,997
57,marine,,971
57,isotope,,820
57,temperature,,783
57,sediment,,769
57,carbon,,724
57,global,,715
57,earth,,641
57,water,,538
57,cycle,,502
57,sea,,489
57,period,,487
57,oxygen,,470
57,carbonate,,457
57,atmospheric,,449
57,seawater,,443
58,arctic,,917
58,gas,,841
58,climate,,774
58,methane,,741
58,emission,,593
58,greenhouse,,458
58,measurement,,408
58,carbon,,398
58,ghg,,377
58,global,,365
58,ice,,336
58,earth,,332
58,ocean,,327
58,atmosphere,,325
58,source,,302
58,warming,,297
58,atmospheric,,260
58,water,,253
58,dioxide,,243
58,sea,,209
59,laser,,1311
59,plasma,,1117
59,radiation,,834
59,energy,,738
59,source,,670
59,x-ray,,629
59,beam,,615
59,detector,,601
59,pulse,,520
59,thz,,462
59,electron,,409
59,fusion,,366
59,power,,338
59,facility,,303
59,experiment,,272
59,field,,250
59,synchrotron,,238
59,diamond,,229
59,light,,210
59,accelerator,,204
60,market,,2209
60,business,,1616
60,sector,,1120
60,economic,,1113
60,industry,,1048
60,company,,1010
60,economy,,877
60,innovation,,846
60,financial,,835
60,firm,,786
60,supply,,753
60,management,,716
60,chain,,674
60,product,,643
60,growth,,595
60,impact,,577
60,global,,534
60,policy,,515
60,service,,491
60,cost,,484
61,imaging,,2849
61,image,,1569
61,sample,,1223
61,resolution,,1145
61,light,,926
61,instrument,,788
61,microscopy,,780
61,microscope,,731
61,optical,,729
61,measurement,,726
61,fluorescence,,639
61,measure,,626
61,technology,,620
61,tissue,,601
61,biological,,592
61,probe,,573
61,analysis,,573
61,detection,,571
61,mass,,525
61,detect,,511
62,ice,,3599
62,sheet,,1220
62,sea,,1046
62,glacier,,688
62,antarctic,,633
62,rise,,480
62,antarctica,,448
62,sea-level,,357
62,greenland,,345
62,stream,,345
62,data,,319
62,shelf,,285
62,global,,275
62,water,,273
62,mass,,268
62,flow,,267
62,measurement,,253
62,west,,251
62,surface,,248
62,climate,,242
63,language,,2662
63,word,,1000
63,english,,518
63,linguistic,,514
63,meaning,,376
63,text,,341
63,sentence,,298
63,speak,,280
63,corpus,,258
63,speech,,248
63,linguistics,,216
63,speaker,,213
63,grammar,,203
63,read,,184
63,form,,184
63,learn,,182
63,dialect,,170
63,structure,,169
63,reading,,161
63,translation,,154
64,cultural,,1452
64,culture,,1151
64,woman,,903
64,identity,,805
64,contemporary,,647
64,explore,,631
64,history,,618
64,book,,597
64,literary,,590
64,literature,,581
64,examine,,567
64,narrative,,560
64,focus,,526
64,representation,,515
64,chapter,,466
64,political,,455
64,historical,,452
64,discourse,,418
64,form,,408
64,social,,404
65,material,,1725
65,device,,1528
65,solar,,889
65,cell,,801
65,film,,799
65,energy,,606
65,semiconductor,,591
65,organic,,580
65,light,,534
65,efficiency,,494
65,property,,465
65,layer,,459
65,thin,,440
65,graphene,,431
65,substrate,,423
65,electronic,,401
65,photovoltaic,,400
65,electrode,,354
65,technology,,342
65,base,,332
66,training,,938
66,phd,,729
66,doctoral,,616
66,studentship,,616
66,sensitive,,527
66,personal,,511
66,detail,,506
66,submission,,487
66,dtg,,482
66,gtr,,467
66,student,,189
66,thesis,,36
66,supervisor,,23
66,middot,,14
66,king?s,,14
66,microbiotic,,13
66,uea,,13
66,swimming,,12
66,moac,,11
66,swimmer,,11
67,energy,,4047
67,power,,1709
67,fuel,,1389
67,technology,,1155
67,emission,,1023
67,engine,,996
67,renewable,,901
67,storage,,838
67,carbon,,751
67,turbine,,749
67,generation,,749
67,wind,,744
67,gas,,686
67,electricity,,678
67,reduce,,668
67,combustion,,630
67,vehicle,,539
67,supply,,507
67,cost,,481
67,plant,,477
68,ocean,,2164
68,climate,,1559
68,water,,931
68,weather,,747
68,surface,,735
68,atmosphere,,678
68,sea,,584
68,observation,,581
68,circulation,,504
68,global,,492
68,wind,,452
68,measurement,,449
68,temperature,,418
68,atlantic,,409
68,atmospheric,,409
68,region,,386
68,satellite,,366
68,earth,,351
68,heat,,348
68,forecast,,339
69,school,,2330
69,student,,1637
69,science,,1222
69,education,,1133
69,training,,855
69,teacher,,840
69,skill,,707
69,learn,,705
69,learning,,596
69,teaching,,557
69,year,,528
69,educational,,499
69,child,,477
69,pupil,,372
69,young,,345
69,public,,318
69,experience,,305
69,curriculum,,302
69,material,,291
69,secondary,,289
70,war,,756
70,south,,720
70,community,,545
70,muslim,,520
70,world,,517
70,indian,,507
70,east,,505
70,migration,,503
70,global,,483
70,indium,,479
70,political,,471
70,migrant,,455
70,asian,,454
70,identity,,452
70,cultural,,417
70,state,,410
70,conflict,,401
70,country,,391
70,ethnic,,376
70,religious,,369
71,network,,4006
71,communication,,1222
71,wireless,,901
71,sensor,,738
71,mobile,,554
71,data,,493
71,technology,,432
71,node,,429
71,signal,,413
71,transmission,,368
71,design,,358
71,service,,331
71,user,,318
71,performance,,315
71,radio,,311
71,channel,,308
71,device,,308
71,processing,,294
71,capacity,,258
71,infrastructure,,240
72,algorithm,,1247
72,control,,496
72,decision,,484
72,computational,,411
72,design,,391
72,stochastic,,358
72,uncertainty,,346
72,optimisation,,320
72,constraint,,315
72,machine,,314
72,search,,309
72,base,,307
72,data,,299
72,analysis,,299
72,statistical,,289
72,agent,,284
72,theory,,283
72,efficient,,280
72,set,,265
72,game,,257
73,security,,774
73,crime,,649
73,police,,594
73,criminal,,383
73,violence,,376
73,threat,,254
73,victim,,229
73,attack,,225
73,justice,,218
73,prison,,198
73,case,,182
73,public,,171
73,witness,,163
73,forensic,,155
73,people,,155
73,court,,154
73,terrorist,,149
73,evidence,,146
73,terrorism,,145
73,behaviour,,137
74,theory,,1957
74,space,,958
74,mathematical,,808
74,mathematics,,773
74,geometry,,748
74,equation,,744
74,object,,734
74,structure,,694
74,algebra,,606
74,algebraic,,571
74,set,,524
74,property,,452
74,point,,404
74,representation,,395
74,field,,388
74,function,,388
74,geometric,,387
74,symmetry,,384
74,give,,378
74,manifold,,369
75,design,,3454
75,technology,,2366
75,cost,,1405
75,power,,1293
75,device,,1244
75,product,,1187
75,performance,,1124
75,control,,1077
75,market,,1000
75,manufacture,,848
75,manufacturing,,733
75,prototype,,619
75,component,,614
75,concept,,598
75,machine,,579
75,base,,568
75,electronics,,560
75,commercial,,512
75,industry,,506
75,reduce,,500
76,service,,1482
76,ecosystem,,1425
76,environmental,,1326
76,management,,1072
76,policy,,890
76,biodiversity,,661
76,impact,,538
76,landscape,,435
76,environment,,432
76,human,,414
76,natural,,410
76,climate,,390
76,coastal,,335
76,sustainability,,330
76,land,,314
76,sustainable,,307
76,conservation,,296
76,decision,,278
76,food,,271
76,manage,,270
77,child,,2121
77,clock,,772
77,disorder,,582
77,depression,,490
77,circadian,,393
77,behaviour,,384
77,sleep,,375
77,emotional,,375
77,anxiety,,327
77,emotion,,291
77,autism,,284
77,rhythm,,252
77,experience,,194
77,adult,,189
77,parent,,188
77,day,,184
77,people,,175
77,affect,,174
77,mental,,173
77,social,,173
78,star,,2096
78,galaxy,,1886
78,telescope,,902
78,formation,,718
78,planet,,592
78,universe,,588
78,form,,556
78,observation,,462
78,cluster,,447
78,object,,427
78,evolution,,427
78,gas,,419
78,survey,,418
78,astronomy,,404
78,space,,404
78,euclid,,387
78,black,,387
78,mass,,382
78,hole,,374
78,astrophysics,,368
79,evolution,,687
79,fossil,,659
79,species,,637
79,evolutionary,,619
79,animal,,522
79,shape,,372
79,extinction,,295
79,tree,,274
79,evolve,,256
79,vertebrate,,253
79,tooth,,249
79,organism,,226
79,data,,223
79,skull,,222
79,diversity,,221
79,mammal,,202
79,life,,200
79,year,,200
79,plant,,199
79,live,,193
80,protein,,2543
80,rna,,1850
80,gene,,1319
80,cell,,1152
80,dna,,967
80,mrna,,800
80,molecule,,544
80,sequence,,486
80,call,,430
80,function,,420
80,control,,416
80,ribosome,,406
80,synthesis,,376
80,transcription,,348
80,expression,,346
80,translation,,330
80,complex,,315
80,mechanism,,292
80,polymerase,,280
80,genetic,,245
81,cell,,9234
81,gene,,1588
81,stem,,1035
81,embryo,,902
81,control,,818
81,understand,,745
81,human,,739
81,tissue,,717
81,type,,639
81,function,,636
81,form,,609
81,growth,,576
81,mouse,,564
81,mechanism,,552
81,protein,,511
81,regulate,,493
81,differentiation,,492
81,role,,487
81,normal,,481
81,cancer,,457
82,film,,1756
82,performance,,1250
82,theatre,,997
82,cinema,,562
82,art,,532
82,practice,,505
82,creative,,497
82,production,,495
82,play,,433
82,audience,,385
82,dance,,337
82,artist,,332
82,media,,315
82,explore,,292
82,form,,288
82,drama,,285
82,cultural,,284
82,television,,272
82,shakespeare,,271
82,space,,263
83,population,,1553
83,individual,,978
83,female,,904
83,male,,842
83,evolution,,833
83,species,,695
83,selection,,641
83,genetic,,627
83,animal,,612
83,sex,,591
83,natural,,574
83,variation,,565
83,evolutionary,,547
83,environment,,522
83,insect,,495
83,offspring,,474
83,behaviour,,470
83,host,,427
83,test,,403
83,environmental,,390
84,fuel,,1473
84,hydrogen,,1179
84,catalyst,,1056
84,energy,,1015
84,metal,,768
84,material,,712
84,gas,,703
84,cell,,654
84,carbon,,590
84,chemical,,543
84,production,,510
84,technology,,470
84,produce,,441
84,reaction,,426
84,oxide,,404
84,waste,,347
84,storage,,339
84,water,,335
84,solid,,308
84,temperature,,308
85,brain,,1458
85,memory,,1357
85,human,,909
85,task,,904
85,cognitive,,900
85,movement,,702
85,action,,649
85,face,,616
85,visual,,608
85,control,,575
85,learn,,573
85,attention,,537
85,object,,535
85,behaviour,,534
85,individual,,530
85,experiment,,529
85,social,,509
85,stimulus,,499
85,processing,,491
85,people,,459
86,sediment,,1307
86,river,,1237
86,water,,1225
86,coastal,,733
86,flow,,730
86,transport,,473
86,sea,,428
86,channel,,320
86,erosion,,307
86,bed,,304
86,zone,,299
86,control,,247
86,understanding,,232
86,data,,226
86,form,,226
86,estuary,,224
86,modelling,,211
86,environment,,208
86,predict,,202
86,flood,,201
87,brain,,5263
87,neuron,,1788
87,disease,,1608
87,nerve,,1402
87,function,,901
87,cell,,870
87,pain,,750
87,neuronal,,633
87,disorder,,596
87,understand,,563
87,neural,,496
87,mechanism,,480
87,memory,,472
87,human,,471
87,nervous,,467
87,neurone,,391
87,electrical,,388
87,connection,,379
87,call,,357
87,synaptic,,354
88,blood,,1999
88,disease,,1658
88,heart,,1593
88,liver,,846
88,patient,,835
88,lung,,783
88,vessel,,677
88,treatment,,522
88,kidney,,470
88,lead,,435
88,pressure,,408
88,cardiac,,405
88,tissue,,397
88,failure,,384
88,cell,,375
88,function,,337
88,stroke,,327
88,human,,315
88,artery,,293
88,damage,,291
89,aerosol,,1441
89,particle,,1209
89,cloud,,1047
89,atmospheric,,927
89,atmosphere,,869
89,measurement,,837
89,air,,801
89,ozone,,703
89,gas,,640
89,climate,,638
89,chemical,,601
89,impact,,481
89,emission,,475
89,source,,466
89,chemistry,,437
89,property,,406
89,effect,,404
89,organic,,394
89,global,,351
89,composition,,348
90,hormone,,665
90,sperm,,377
90,egg,,342
90,male,,304
90,reproductive,,262
90,woman,,196
90,female,,192
90,fertility,,188
90,steroid,,185
90,infertility,,184
90,effect,,173
90,sex,,161
90,function,,153
90,ovary,,142
90,body,,140
90,role,,140
90,follicle,,137
90,hair,,136
90,embryo,,131
90,adrenal,,128
91,climate,,2957
91,risk,,1741
91,impact,,1518
91,uncertainty,,990
91,flood,,989
91,assessment,,664
91,scenario,,524
91,extreme,,519
91,prediction,,511
91,adaptation,,478
91,weather,,408
91,fire,,380
91,modelling,,378
91,assess,,370
91,increase,,359
91,urban,,336
91,flooding,,322
91,resilience,,319
91,data,,319
91,effect,,314
92,energy,,2812
92,building,,1612
92,design,,836
92,heat,,728
92,carbon,,499
92,consumption,,470
92,reduce,,463
92,cost,,397
92,water,,392
92,home,,367
92,efficiency,,346
92,performance,,317
92,thermal,,314
92,technology,,313
92,air,,307
92,reduction,,300
92,emission,,271
92,demand,,263
92,heating,,261
92,construction,,209
93,water,,1632
93,environment,,1055
93,environmental,,932
93,soil,,821
93,chemical,,621
93,metal,,514
93,microbial,,492
93,waste,,411
93,organic,,410
93,human,,398
93,effect,,384
93,organism,,375
93,nanoparticle,,365
93,health,,364
93,bacterium,,363
93,toxic,,348
93,exposure,,334
93,treatment,,323
93,concentration,,301
93,natural,,281
94,drug,,1832
94,clinical,,965
94,technology,,858
94,patient,,811
94,device,,616
94,medical,,561
94,delivery,,526
94,treatment,,479
94,pharmaceutical,,447
94,product,,442
94,diagnostic,,413
94,cost,,409
94,medicine,,405
94,test,,394
94,healthcare,,365
94,base,,339
94,therapeutic,,329
94,diagnosis,,315
94,improve,,312
94,reduce,,306
95,optical,,2008
95,device,,1927
95,light,,1336
95,technology,,1251
95,laser,,838
95,material,,778
95,quantum,,771
95,semiconductor,,711
95,photonic,,681
95,silicon,,613
95,fibre,,600
95,wavelength,,489
95,circuit,,463
95,control,,429
95,base,,415
95,photon,,407
95,single,,369
95,electronic,,361
95,communication,,355
95,chip,,339
96,social,,2647
96,family,,1497
96,child,,1343
96,people,,1266
96,young,,1134
96,survey,,1004
96,data,,988
96,life,,914
96,policy,,728
96,individual,,712
96,experience,,693
96,household,,639
96,relationship,,559
96,analysis,,556
96,interview,,547
96,woman,,519
96,explore,,458
96,parent,,456
96,examine,,431
96,age,,424
97,reaction,,2638
97,chemical,,2207
97,molecule,,2106
97,chemistry,,1402
97,compound,,1378
97,synthesis,,1375
97,catalyst,,994
97,product,,921
97,organic,,826
97,synthetic,,792
97,metal,,709
97,bond,,691
97,molecular,,686
97,complex,,627
97,enzyme,,559
97,catalytic,,519
97,natural,,515
97,catalysis,,436
97,form,,427
97,design,,402
98,material,,2286
98,composite,,839
98,manufacture,,669
98,product,,648
98,fibre,,635
98,technology,,564
98,coating,,563
98,component,,556
98,manufacturing,,532
98,industry,,485
98,metal,,465
98,reduce,,436
98,performance,,417
98,processing,,403
98,plastic,,398
98,property,,370
98,alloy,,364
98,cost,,364
98,produce,,361
98,production,,359
99,data,,8796
99,analysis,,1530
99,tool,,1394
99,database,,1271
99,software,,1108
99,user,,1034
99,community,,824
99,search,,659
99,set,,630
99,source,,586
99,service,,571
99,web,,554
99,dataset,,481
99,large,,465
99,exist,,464
99,collection,,459
99,analyse,,437
99,standard,,430
99,integrate,,423
99,processing,,408
